insert into public."Productos" ( "Producto","Nombre", "Precio" ) Values (1, 'Zpz-88' ,77);
insert into public."Productos" ( "Producto","Nombre", "Precio" ) Values (2, 'mQf-14' ,40);
insert into public."Productos" ( "Producto","Nombre", "Precio" ) Values (3, '3C7-33' ,10);
insert into public."Productos" ( "Producto","Nombre", "Precio" ) Values (4, 'lX4-24' ,33);
insert into public."Productos" ( "Producto","Nombre", "Precio" ) Values (5, '3Lv-93' ,71);
insert into public."Productos" ( "Producto","Nombre", "Precio" ) Values (6, 'ou1-01' ,90);
insert into public."Productos" ( "Producto","Nombre", "Precio" ) Values (7, 'flZ-50' ,72);
insert into public."Productos" ( "Producto","Nombre", "Precio" ) Values (8, 'K85-50' ,6);
insert into public."Productos" ( "Producto","Nombre", "Precio" ) Values (9, 'xzF-14' ,53);
insert into public."Productos" ( "Producto","Nombre", "Precio" ) Values (10, 'zlC-18' ,31);
insert into public."Productos" ( "Producto","Nombre", "Precio" ) Values (11, 'haG-02' ,74);
insert into public."Productos" ( "Producto","Nombre", "Precio" ) Values (12, '4u2-03' ,12);
insert into public."Productos" ( "Producto","Nombre", "Precio" ) Values (13, 'bxZ-63' ,71);
insert into public."Productos" ( "Producto","Nombre", "Precio" ) Values (14, 'p8f-72' ,77);
insert into public."Productos" ( "Producto","Nombre", "Precio" ) Values (15, 'sVp-12' ,34);
insert into public."Productos" ( "Producto","Nombre", "Precio" ) Values (16, 'coW-00' ,52);
insert into public."Productos" ( "Producto","Nombre", "Precio" ) Values (17, 'E0J-07' ,50);
insert into public."Productos" ( "Producto","Nombre", "Precio" ) Values (18, 'YnP-01' ,9);
insert into public."Productos" ( "Producto","Nombre", "Precio" ) Values (19, 'Cbm-55' ,16);
insert into public."Productos" ( "Producto","Nombre", "Precio" ) Values (20, 'kGh-09' ,80);
insert into public."Productos" ( "Producto","Nombre", "Precio" ) Values (21, 'zZJ-55' ,38);
insert into public."Productos" ( "Producto","Nombre", "Precio" ) Values (22, 'C20-37' ,11);
insert into public."Productos" ( "Producto","Nombre", "Precio" ) Values (23, 'JG8-31' ,54);
insert into public."Productos" ( "Producto","Nombre", "Precio" ) Values (24, 'ZGx-79' ,12);
insert into public."Productos" ( "Producto","Nombre", "Precio" ) Values (25, 'yVy-00' ,26);
insert into public."Productos" ( "Producto","Nombre", "Precio" ) Values (26, 'It3-15' ,39);
insert into public."Productos" ( "Producto","Nombre", "Precio" ) Values (27, 'gDA-78' ,22);
insert into public."Productos" ( "Producto","Nombre", "Precio" ) Values (28, 'Enh-25' ,24);
insert into public."Productos" ( "Producto","Nombre", "Precio" ) Values (29, 'm3n-30' ,15);
insert into public."Productos" ( "Producto","Nombre", "Precio" ) Values (30, 'Il1-33' ,50);
insert into public."Productos" ( "Producto","Nombre", "Precio" ) Values (31, 'ACw-07' ,4);
insert into public."Productos" ( "Producto","Nombre", "Precio" ) Values (32, 'ln8-54' ,56);
insert into public."Productos" ( "Producto","Nombre", "Precio" ) Values (33, 'xKq-97' ,16);
insert into public."Productos" ( "Producto","Nombre", "Precio" ) Values (34, 'OUe-73' ,42);
insert into public."Productos" ( "Producto","Nombre", "Precio" ) Values (35, 'iuM-05' ,37);
insert into public."Productos" ( "Producto","Nombre", "Precio" ) Values (36, 'MFB-99' ,86);
insert into public."Productos" ( "Producto","Nombre", "Precio" ) Values (37, 'fT6-60' ,14);
insert into public."Productos" ( "Producto","Nombre", "Precio" ) Values (38, 'ofT-89' ,39);
insert into public."Productos" ( "Producto","Nombre", "Precio" ) Values (39, '3cw-22' ,34);
insert into public."Productos" ( "Producto","Nombre", "Precio" ) Values (40, 'sOr-08' ,75);
insert into public."Productos" ( "Producto","Nombre", "Precio" ) Values (41, '0Zg-77' ,63);
insert into public."Productos" ( "Producto","Nombre", "Precio" ) Values (42, 'MZF-51' ,28);
insert into public."Productos" ( "Producto","Nombre", "Precio" ) Values (43, 'OjU-23' ,88);
insert into public."Productos" ( "Producto","Nombre", "Precio" ) Values (44, 'YUV-89' ,71);
insert into public."Productos" ( "Producto","Nombre", "Precio" ) Values (45, 'Svl-15' ,38);
insert into public."Productos" ( "Producto","Nombre", "Precio" ) Values (46, '68q-38' ,81);
insert into public."Productos" ( "Producto","Nombre", "Precio" ) Values (47, 'PRv-34' ,5);
insert into public."Productos" ( "Producto","Nombre", "Precio" ) Values (48, 'sMF-87' ,35);
insert into public."Productos" ( "Producto","Nombre", "Precio" ) Values (49, 'T7m-70' ,70);
insert into public."Productos" ( "Producto","Nombre", "Precio" ) Values (50, '3Am-26' ,8);
insert into public."Productos" ( "Producto","Nombre", "Precio" ) Values (51, 'qrw-72' ,93);
insert into public."Productos" ( "Producto","Nombre", "Precio" ) Values (52, 'SAF-09' ,94);
insert into public."Productos" ( "Producto","Nombre", "Precio" ) Values (53, '385-70' ,51);
insert into public."Productos" ( "Producto","Nombre", "Precio" ) Values (54, 'AWZ-56' ,10);
insert into public."Productos" ( "Producto","Nombre", "Precio" ) Values (55, 'LRj-99' ,82);
insert into public."Productos" ( "Producto","Nombre", "Precio" ) Values (56, 'Ivp-02' ,53);
insert into public."Productos" ( "Producto","Nombre", "Precio" ) Values (57, 'T6L-90' ,73);
insert into public."Productos" ( "Producto","Nombre", "Precio" ) Values (58, '3FU-84' ,2);
insert into public."Productos" ( "Producto","Nombre", "Precio" ) Values (59, 'VUZ-07' ,99);
insert into public."Productos" ( "Producto","Nombre", "Precio" ) Values (60, '4dV-70' ,98);
insert into public."Productos" ( "Producto","Nombre", "Precio" ) Values (61, 'Acn-28' ,74);
insert into public."Productos" ( "Producto","Nombre", "Precio" ) Values (62, 'cxs-44' ,43);
insert into public."Productos" ( "Producto","Nombre", "Precio" ) Values (63, 'LbI-88' ,86);
insert into public."Productos" ( "Producto","Nombre", "Precio" ) Values (64, '3DT-97' ,33);
insert into public."Productos" ( "Producto","Nombre", "Precio" ) Values (65, 'uV9-07' ,59);
insert into public."Productos" ( "Producto","Nombre", "Precio" ) Values (66, 'Uy4-66' ,87);
insert into public."Productos" ( "Producto","Nombre", "Precio" ) Values (67, 'SUK-62' ,10);
insert into public."Productos" ( "Producto","Nombre", "Precio" ) Values (68, 'FAb-71' ,95);
insert into public."Productos" ( "Producto","Nombre", "Precio" ) Values (69, 'qjb-97' ,91);
insert into public."Productos" ( "Producto","Nombre", "Precio" ) Values (70, 'TCM-29' ,74);
insert into public."Productos" ( "Producto","Nombre", "Precio" ) Values (71, '4ih-71' ,25);
insert into public."Productos" ( "Producto","Nombre", "Precio" ) Values (72, 'Ckd-37' ,19);
insert into public."Productos" ( "Producto","Nombre", "Precio" ) Values (73, 'sfK-83' ,4);
insert into public."Productos" ( "Producto","Nombre", "Precio" ) Values (74, 'MeJ-28' ,32);
insert into public."Productos" ( "Producto","Nombre", "Precio" ) Values (75, 'psI-14' ,72);
insert into public."Productos" ( "Producto","Nombre", "Precio" ) Values (76, 'i8w-17' ,90);
insert into public."Productos" ( "Producto","Nombre", "Precio" ) Values (77, 'IMw-17' ,3);
insert into public."Productos" ( "Producto","Nombre", "Precio" ) Values (78, 'L30-48' ,52);
insert into public."Productos" ( "Producto","Nombre", "Precio" ) Values (79, 'BQl-62' ,33);
insert into public."Productos" ( "Producto","Nombre", "Precio" ) Values (80, '8rU-17' ,79);
insert into public."Productos" ( "Producto","Nombre", "Precio" ) Values (81, 'iF5-55' ,56);
insert into public."Productos" ( "Producto","Nombre", "Precio" ) Values (82, 'peD-58' ,58);
insert into public."Productos" ( "Producto","Nombre", "Precio" ) Values (83, 'xlP-75' ,4);
insert into public."Productos" ( "Producto","Nombre", "Precio" ) Values (84, 'GHZ-16' ,54);
insert into public."Productos" ( "Producto","Nombre", "Precio" ) Values (85, 'U6W-90' ,95);
insert into public."Productos" ( "Producto","Nombre", "Precio" ) Values (86, 'yK0-40' ,79);
insert into public."Productos" ( "Producto","Nombre", "Precio" ) Values (87, 'yYk-32' ,80);
insert into public."Productos" ( "Producto","Nombre", "Precio" ) Values (88, 'anj-89' ,18);
insert into public."Productos" ( "Producto","Nombre", "Precio" ) Values (89, 'Afa-39' ,15);
insert into public."Productos" ( "Producto","Nombre", "Precio" ) Values (90, 'mBP-72' ,27);
insert into public."Productos" ( "Producto","Nombre", "Precio" ) Values (91, 'ckg-38' ,49);
insert into public."Productos" ( "Producto","Nombre", "Precio" ) Values (92, 'FMc-02' ,50);
insert into public."Productos" ( "Producto","Nombre", "Precio" ) Values (93, 'dhe-07' ,39);
insert into public."Productos" ( "Producto","Nombre", "Precio" ) Values (94, '34t-73' ,40);
insert into public."Productos" ( "Producto","Nombre", "Precio" ) Values (95, 'lY1-17' ,29);
insert into public."Productos" ( "Producto","Nombre", "Precio" ) Values (96, 'Kpl-23' ,11);
insert into public."Productos" ( "Producto","Nombre", "Precio" ) Values (97, 't9g-43' ,75);
insert into public."Productos" ( "Producto","Nombre", "Precio" ) Values (98, 'sVk-76' ,14);
insert into public."Productos" ( "Producto","Nombre", "Precio" ) Values (99, 'vRJ-34' ,81);
insert into public."Productos" ( "Producto","Nombre", "Precio" ) Values (100, 'BfR-02' ,6);


insert into public."Cajeros" ( "Cajero", "NomApels" ) Values (1, 'K222-21:537');
insert into public."Cajeros" ( "Cajero", "NomApels" ) Values (2, 'P222-79:494');
insert into public."Cajeros" ( "Cajero", "NomApels" ) Values (3, 'L222-61:776');
insert into public."Cajeros" ( "Cajero", "NomApels" ) Values (4, 'N222-85:312');
insert into public."Cajeros" ( "Cajero", "NomApels" ) Values (5, 'W222-44:380');
insert into public."Cajeros" ( "Cajero", "NomApels" ) Values (6, 'G222-01:327');
insert into public."Cajeros" ( "Cajero", "NomApels" ) Values (7, 'J222-22:374');
insert into public."Cajeros" ( "Cajero", "NomApels" ) Values (8, 'S222-98:638');
insert into public."Cajeros" ( "Cajero", "NomApels" ) Values (9, 'Y222-36:534');
insert into public."Cajeros" ( "Cajero", "NomApels" ) Values (10, 'I222-05:649');
insert into public."Cajeros" ( "Cajero", "NomApels" ) Values (11, 'L222-80:753');
insert into public."Cajeros" ( "Cajero", "NomApels" ) Values (12, 'O222-46:515');
insert into public."Cajeros" ( "Cajero", "NomApels" ) Values (13, 'W222-11:571');
insert into public."Cajeros" ( "Cajero", "NomApels" ) Values (14, 'N222-60:683');
insert into public."Cajeros" ( "Cajero", "NomApels" ) Values (15, 'Z222-86:191');
insert into public."Cajeros" ( "Cajero", "NomApels" ) Values (16, 'U222-60:240');
insert into public."Cajeros" ( "Cajero", "NomApels" ) Values (17, 'B222-39:074');
insert into public."Cajeros" ( "Cajero", "NomApels" ) Values (18, 'X222-86:096');
insert into public."Cajeros" ( "Cajero", "NomApels" ) Values (19, 'E222-19:986');
insert into public."Cajeros" ( "Cajero", "NomApels" ) Values (20, 'I222-46:864');
insert into public."Cajeros" ( "Cajero", "NomApels" ) Values (21, 'D222-53:618');
insert into public."Cajeros" ( "Cajero", "NomApels" ) Values (22, 'E222-90:352');
insert into public."Cajeros" ( "Cajero", "NomApels" ) Values (23, 'G222-28:200');
insert into public."Cajeros" ( "Cajero", "NomApels" ) Values (24, 'P222-14:851');
insert into public."Cajeros" ( "Cajero", "NomApels" ) Values (25, 'H222-32:324');
insert into public."Cajeros" ( "Cajero", "NomApels" ) Values (26, 'F222-49:549');
insert into public."Cajeros" ( "Cajero", "NomApels" ) Values (27, 'W222-08:034');
insert into public."Cajeros" ( "Cajero", "NomApels" ) Values (28, 'I222-30:032');
insert into public."Cajeros" ( "Cajero", "NomApels" ) Values (29, 'N222-27:973');
insert into public."Cajeros" ( "Cajero", "NomApels" ) Values (30, 'S222-07:472');
insert into public."Cajeros" ( "Cajero", "NomApels" ) Values (31, 'W222-03:177');
insert into public."Cajeros" ( "Cajero", "NomApels" ) Values (32, 'J222-39:019');
insert into public."Cajeros" ( "Cajero", "NomApels" ) Values (33, 'R222-47:337');
insert into public."Cajeros" ( "Cajero", "NomApels" ) Values (34, 'E222-58:418');
insert into public."Cajeros" ( "Cajero", "NomApels" ) Values (35, 'M222-35:292');
insert into public."Cajeros" ( "Cajero", "NomApels" ) Values (36, 'H222-76:989');
insert into public."Cajeros" ( "Cajero", "NomApels" ) Values (37, 'M222-25:903');
insert into public."Cajeros" ( "Cajero", "NomApels" ) Values (38, 'Z222-91:813');
insert into public."Cajeros" ( "Cajero", "NomApels" ) Values (39, 'D222-48:747');
insert into public."Cajeros" ( "Cajero", "NomApels" ) Values (40, 'Q222-49:880');
insert into public."Cajeros" ( "Cajero", "NomApels" ) Values (41, 'F222-72:949');
insert into public."Cajeros" ( "Cajero", "NomApels" ) Values (42, 'X222-01:930');
insert into public."Cajeros" ( "Cajero", "NomApels" ) Values (43, 'J222-08:008');
insert into public."Cajeros" ( "Cajero", "NomApels" ) Values (44, 'E222-91:741');
insert into public."Cajeros" ( "Cajero", "NomApels" ) Values (45, 'O222-71:384');
insert into public."Cajeros" ( "Cajero", "NomApels" ) Values (46, 'R222-46:082');
insert into public."Cajeros" ( "Cajero", "NomApels" ) Values (47, 'K222-23:171');
insert into public."Cajeros" ( "Cajero", "NomApels" ) Values (48, 'F222-15:615');
insert into public."Cajeros" ( "Cajero", "NomApels" ) Values (49, 'Z222-83:712');
insert into public."Cajeros" ( "Cajero", "NomApels" ) Values (50, 'I222-92:543');
insert into public."Cajeros" ( "Cajero", "NomApels" ) Values (51, 'U222-22:929');
insert into public."Cajeros" ( "Cajero", "NomApels" ) Values (52, 'X222-21:659');
insert into public."Cajeros" ( "Cajero", "NomApels" ) Values (53, 'N222-80:380');
insert into public."Cajeros" ( "Cajero", "NomApels" ) Values (54, 'J222-15:861');
insert into public."Cajeros" ( "Cajero", "NomApels" ) Values (55, 'K222-92:156');
insert into public."Cajeros" ( "Cajero", "NomApels" ) Values (56, 'V222-14:603');
insert into public."Cajeros" ( "Cajero", "NomApels" ) Values (57, 'S222-20:423');
insert into public."Cajeros" ( "Cajero", "NomApels" ) Values (58, 'Y222-14:621');
insert into public."Cajeros" ( "Cajero", "NomApels" ) Values (59, 'Y222-14:785');
insert into public."Cajeros" ( "Cajero", "NomApels" ) Values (60, 'R222-73:610');
insert into public."Cajeros" ( "Cajero", "NomApels" ) Values (61, 'Z222-42:068');
insert into public."Cajeros" ( "Cajero", "NomApels" ) Values (62, 'D222-07:285');
insert into public."Cajeros" ( "Cajero", "NomApels" ) Values (63, 'B222-71:704');
insert into public."Cajeros" ( "Cajero", "NomApels" ) Values (64, 'A222-15:763');
insert into public."Cajeros" ( "Cajero", "NomApels" ) Values (65, 'P222-46:250');
insert into public."Cajeros" ( "Cajero", "NomApels" ) Values (66, 'J222-06:708');
insert into public."Cajeros" ( "Cajero", "NomApels" ) Values (67, 'V222-05:180');
insert into public."Cajeros" ( "Cajero", "NomApels" ) Values (68, 'G222-40:612');
insert into public."Cajeros" ( "Cajero", "NomApels" ) Values (69, 'G222-15:567');
insert into public."Cajeros" ( "Cajero", "NomApels" ) Values (70, 'K222-98:212');
insert into public."Cajeros" ( "Cajero", "NomApels" ) Values (71, 'X222-02:582');
insert into public."Cajeros" ( "Cajero", "NomApels" ) Values (72, 'G222-16:297');
insert into public."Cajeros" ( "Cajero", "NomApels" ) Values (73, 'U222-96:813');
insert into public."Cajeros" ( "Cajero", "NomApels" ) Values (74, 'P222-06:037');
insert into public."Cajeros" ( "Cajero", "NomApels" ) Values (75, 'E222-09:540');
insert into public."Cajeros" ( "Cajero", "NomApels" ) Values (76, 'F222-48:255');
insert into public."Cajeros" ( "Cajero", "NomApels" ) Values (77, 'E222-16:055');
insert into public."Cajeros" ( "Cajero", "NomApels" ) Values (78, 'V222-59:131');
insert into public."Cajeros" ( "Cajero", "NomApels" ) Values (79, 'F222-02:032');
insert into public."Cajeros" ( "Cajero", "NomApels" ) Values (80, 'S222-81:992');
insert into public."Cajeros" ( "Cajero", "NomApels" ) Values (81, 'B222-85:273');
insert into public."Cajeros" ( "Cajero", "NomApels" ) Values (82, 'A222-27:619');
insert into public."Cajeros" ( "Cajero", "NomApels" ) Values (83, 'T222-42:821');
insert into public."Cajeros" ( "Cajero", "NomApels" ) Values (84, 'L222-90:638');
insert into public."Cajeros" ( "Cajero", "NomApels" ) Values (85, 'E222-44:186');
insert into public."Cajeros" ( "Cajero", "NomApels" ) Values (86, 'Q222-28:499');
insert into public."Cajeros" ( "Cajero", "NomApels" ) Values (87, 'J222-58:928');
insert into public."Cajeros" ( "Cajero", "NomApels" ) Values (88, 'S222-60:164');
insert into public."Cajeros" ( "Cajero", "NomApels" ) Values (89, 'A222-34:141');
insert into public."Cajeros" ( "Cajero", "NomApels" ) Values (90, 'Y222-56:838');
insert into public."Cajeros" ( "Cajero", "NomApels" ) Values (91, 'Q222-54:733');
insert into public."Cajeros" ( "Cajero", "NomApels" ) Values (92, 'C222-14:133');
insert into public."Cajeros" ( "Cajero", "NomApels" ) Values (93, 'W222-81:073');
insert into public."Cajeros" ( "Cajero", "NomApels" ) Values (94, 'C222-37:821');
insert into public."Cajeros" ( "Cajero", "NomApels" ) Values (95, 'C222-43:022');
insert into public."Cajeros" ( "Cajero", "NomApels" ) Values (96, 'Q222-83:116');
insert into public."Cajeros" ( "Cajero", "NomApels" ) Values (97, 'C222-15:428');
insert into public."Cajeros" ( "Cajero", "NomApels" ) Values (98, 'Z222-23:033');
insert into public."Cajeros" ( "Cajero", "NomApels" ) Values (99, 'E222-10:486');
insert into public."Cajeros" ( "Cajero", "NomApels" ) Values (100, 'M222-18:286');


insert into public."Maquinas_Registradoras" ( "Maquina", "Piso" ) Values (1,1);
insert into public."Maquinas_Registradoras" ( "Maquina", "Piso" ) Values (2,1);
insert into public."Maquinas_Registradoras" ( "Maquina", "Piso" ) Values (3,1);
insert into public."Maquinas_Registradoras" ( "Maquina", "Piso" ) Values (4,1);
insert into public."Maquinas_Registradoras" ( "Maquina", "Piso" ) Values (5,1);
insert into public."Maquinas_Registradoras" ( "Maquina", "Piso" ) Values (6,3);
insert into public."Maquinas_Registradoras" ( "Maquina", "Piso" ) Values (7,3);
insert into public."Maquinas_Registradoras" ( "Maquina", "Piso" ) Values (8,2);
insert into public."Maquinas_Registradoras" ( "Maquina", "Piso" ) Values (9,2);
insert into public."Maquinas_Registradoras" ( "Maquina", "Piso" ) Values (10,1);
insert into public."Maquinas_Registradoras" ( "Maquina", "Piso" ) Values (11,1);
insert into public."Maquinas_Registradoras" ( "Maquina", "Piso" ) Values (12,3);
insert into public."Maquinas_Registradoras" ( "Maquina", "Piso" ) Values (13,1);
insert into public."Maquinas_Registradoras" ( "Maquina", "Piso" ) Values (14,2);
insert into public."Maquinas_Registradoras" ( "Maquina", "Piso" ) Values (15,2);
insert into public."Maquinas_Registradoras" ( "Maquina", "Piso" ) Values (16,3);
insert into public."Maquinas_Registradoras" ( "Maquina", "Piso" ) Values (17,3);
insert into public."Maquinas_Registradoras" ( "Maquina", "Piso" ) Values (18,2);
insert into public."Maquinas_Registradoras" ( "Maquina", "Piso" ) Values (19,3);
insert into public."Maquinas_Registradoras" ( "Maquina", "Piso" ) Values (20,2);
insert into public."Maquinas_Registradoras" ( "Maquina", "Piso" ) Values (21,3);
insert into public."Maquinas_Registradoras" ( "Maquina", "Piso" ) Values (22,2);
insert into public."Maquinas_Registradoras" ( "Maquina", "Piso" ) Values (23,3);
insert into public."Maquinas_Registradoras" ( "Maquina", "Piso" ) Values (24,2);
insert into public."Maquinas_Registradoras" ( "Maquina", "Piso" ) Values (25,2);
insert into public."Maquinas_Registradoras" ( "Maquina", "Piso" ) Values (26,3);
insert into public."Maquinas_Registradoras" ( "Maquina", "Piso" ) Values (27,3);
insert into public."Maquinas_Registradoras" ( "Maquina", "Piso" ) Values (28,3);
insert into public."Maquinas_Registradoras" ( "Maquina", "Piso" ) Values (29,1);
insert into public."Maquinas_Registradoras" ( "Maquina", "Piso" ) Values (30,1);
insert into public."Maquinas_Registradoras" ( "Maquina", "Piso" ) Values (31,3);
insert into public."Maquinas_Registradoras" ( "Maquina", "Piso" ) Values (32,2);
insert into public."Maquinas_Registradoras" ( "Maquina", "Piso" ) Values (33,1);
insert into public."Maquinas_Registradoras" ( "Maquina", "Piso" ) Values (34,2);
insert into public."Maquinas_Registradoras" ( "Maquina", "Piso" ) Values (35,1);
insert into public."Maquinas_Registradoras" ( "Maquina", "Piso" ) Values (36,3);
insert into public."Maquinas_Registradoras" ( "Maquina", "Piso" ) Values (37,3);
insert into public."Maquinas_Registradoras" ( "Maquina", "Piso" ) Values (38,2);
insert into public."Maquinas_Registradoras" ( "Maquina", "Piso" ) Values (39,1);
insert into public."Maquinas_Registradoras" ( "Maquina", "Piso" ) Values (40,2);
insert into public."Maquinas_Registradoras" ( "Maquina", "Piso" ) Values (41,2);
insert into public."Maquinas_Registradoras" ( "Maquina", "Piso" ) Values (42,1);
insert into public."Maquinas_Registradoras" ( "Maquina", "Piso" ) Values (43,1);
insert into public."Maquinas_Registradoras" ( "Maquina", "Piso" ) Values (44,1);
insert into public."Maquinas_Registradoras" ( "Maquina", "Piso" ) Values (45,1);
insert into public."Maquinas_Registradoras" ( "Maquina", "Piso" ) Values (46,3);
insert into public."Maquinas_Registradoras" ( "Maquina", "Piso" ) Values (47,1);
insert into public."Maquinas_Registradoras" ( "Maquina", "Piso" ) Values (48,3);
insert into public."Maquinas_Registradoras" ( "Maquina", "Piso" ) Values (49,2);
insert into public."Maquinas_Registradoras" ( "Maquina", "Piso" ) Values (50,3);
insert into public."Maquinas_Registradoras" ( "Maquina", "Piso" ) Values (51,2);
insert into public."Maquinas_Registradoras" ( "Maquina", "Piso" ) Values (52,1);
insert into public."Maquinas_Registradoras" ( "Maquina", "Piso" ) Values (53,3);
insert into public."Maquinas_Registradoras" ( "Maquina", "Piso" ) Values (54,1);
insert into public."Maquinas_Registradoras" ( "Maquina", "Piso" ) Values (55,2);
insert into public."Maquinas_Registradoras" ( "Maquina", "Piso" ) Values (56,1);
insert into public."Maquinas_Registradoras" ( "Maquina", "Piso" ) Values (57,1);
insert into public."Maquinas_Registradoras" ( "Maquina", "Piso" ) Values (58,3);
insert into public."Maquinas_Registradoras" ( "Maquina", "Piso" ) Values (59,2);
insert into public."Maquinas_Registradoras" ( "Maquina", "Piso" ) Values (60,3);
insert into public."Maquinas_Registradoras" ( "Maquina", "Piso" ) Values (61,1);
insert into public."Maquinas_Registradoras" ( "Maquina", "Piso" ) Values (62,3);
insert into public."Maquinas_Registradoras" ( "Maquina", "Piso" ) Values (63,1);
insert into public."Maquinas_Registradoras" ( "Maquina", "Piso" ) Values (64,3);
insert into public."Maquinas_Registradoras" ( "Maquina", "Piso" ) Values (65,1);
insert into public."Maquinas_Registradoras" ( "Maquina", "Piso" ) Values (66,1);
insert into public."Maquinas_Registradoras" ( "Maquina", "Piso" ) Values (67,1);
insert into public."Maquinas_Registradoras" ( "Maquina", "Piso" ) Values (68,2);
insert into public."Maquinas_Registradoras" ( "Maquina", "Piso" ) Values (69,3);
insert into public."Maquinas_Registradoras" ( "Maquina", "Piso" ) Values (70,3);
insert into public."Maquinas_Registradoras" ( "Maquina", "Piso" ) Values (71,2);
insert into public."Maquinas_Registradoras" ( "Maquina", "Piso" ) Values (72,3);
insert into public."Maquinas_Registradoras" ( "Maquina", "Piso" ) Values (73,2);
insert into public."Maquinas_Registradoras" ( "Maquina", "Piso" ) Values (74,3);
insert into public."Maquinas_Registradoras" ( "Maquina", "Piso" ) Values (75,1);
insert into public."Maquinas_Registradoras" ( "Maquina", "Piso" ) Values (76,2);
insert into public."Maquinas_Registradoras" ( "Maquina", "Piso" ) Values (77,1);
insert into public."Maquinas_Registradoras" ( "Maquina", "Piso" ) Values (78,1);
insert into public."Maquinas_Registradoras" ( "Maquina", "Piso" ) Values (79,2);
insert into public."Maquinas_Registradoras" ( "Maquina", "Piso" ) Values (80,2);
insert into public."Maquinas_Registradoras" ( "Maquina", "Piso" ) Values (81,1);
insert into public."Maquinas_Registradoras" ( "Maquina", "Piso" ) Values (82,1);
insert into public."Maquinas_Registradoras" ( "Maquina", "Piso" ) Values (83,1);
insert into public."Maquinas_Registradoras" ( "Maquina", "Piso" ) Values (84,2);
insert into public."Maquinas_Registradoras" ( "Maquina", "Piso" ) Values (85,3);
insert into public."Maquinas_Registradoras" ( "Maquina", "Piso" ) Values (86,2);
insert into public."Maquinas_Registradoras" ( "Maquina", "Piso" ) Values (87,1);
insert into public."Maquinas_Registradoras" ( "Maquina", "Piso" ) Values (88,2);
insert into public."Maquinas_Registradoras" ( "Maquina", "Piso" ) Values (89,2);
insert into public."Maquinas_Registradoras" ( "Maquina", "Piso" ) Values (90,2);
insert into public."Maquinas_Registradoras" ( "Maquina", "Piso" ) Values (91,1);
insert into public."Maquinas_Registradoras" ( "Maquina", "Piso" ) Values (92,3);
insert into public."Maquinas_Registradoras" ( "Maquina", "Piso" ) Values (93,3);
insert into public."Maquinas_Registradoras" ( "Maquina", "Piso" ) Values (94,1);
insert into public."Maquinas_Registradoras" ( "Maquina", "Piso" ) Values (95,1);
insert into public."Maquinas_Registradoras" ( "Maquina", "Piso" ) Values (96,3);
insert into public."Maquinas_Registradoras" ( "Maquina", "Piso" ) Values (97,2);
insert into public."Maquinas_Registradoras" ( "Maquina", "Piso" ) Values (98,1);
insert into public."Maquinas_Registradoras" ( "Maquina", "Piso" ) Values (99,2);
insert into public."Maquinas_Registradoras" ( "Maquina", "Piso" ) Values (100,3);



insert into public."Venta" ( "Cajero", "Maquina", "Producto") Values (69,27,16);
insert into public."Venta" ( "Cajero", "Maquina", "Producto") Values (97,51,69);
insert into public."Venta" ( "Cajero", "Maquina", "Producto") Values (39,20,21);
insert into public."Venta" ( "Cajero", "Maquina", "Producto") Values (81,87,91);
insert into public."Venta" ( "Cajero", "Maquina", "Producto") Values (94,31,58);
insert into public."Venta" ( "Cajero", "Maquina", "Producto") Values (94,7,96);
insert into public."Venta" ( "Cajero", "Maquina", "Producto") Values (36,30,73);
insert into public."Venta" ( "Cajero", "Maquina", "Producto") Values (5,38,20);
insert into public."Venta" ( "Cajero", "Maquina", "Producto") Values (68,3,4);
insert into public."Venta" ( "Cajero", "Maquina", "Producto") Values (82,38,32);
insert into public."Venta" ( "Cajero", "Maquina", "Producto") Values (62,54,34);
insert into public."Venta" ( "Cajero", "Maquina", "Producto") Values (22,8,38);
insert into public."Venta" ( "Cajero", "Maquina", "Producto") Values (58,32,68);
insert into public."Venta" ( "Cajero", "Maquina", "Producto") Values (98,4,80);
insert into public."Venta" ( "Cajero", "Maquina", "Producto") Values (79,91,35);
insert into public."Venta" ( "Cajero", "Maquina", "Producto") Values (33,97,96);
insert into public."Venta" ( "Cajero", "Maquina", "Producto") Values (33,66,51);
insert into public."Venta" ( "Cajero", "Maquina", "Producto") Values (41,58,72);
insert into public."Venta" ( "Cajero", "Maquina", "Producto") Values (9,88,68);
insert into public."Venta" ( "Cajero", "Maquina", "Producto") Values (15,64,7);
insert into public."Venta" ( "Cajero", "Maquina", "Producto") Values (99,39,45);
insert into public."Venta" ( "Cajero", "Maquina", "Producto") Values (9,69,54);
insert into public."Venta" ( "Cajero", "Maquina", "Producto") Values (1,58,89);
insert into public."Venta" ( "Cajero", "Maquina", "Producto") Values (12,16,64);
insert into public."Venta" ( "Cajero", "Maquina", "Producto") Values (41,26,68);
insert into public."Venta" ( "Cajero", "Maquina", "Producto") Values (8,14,33);
insert into public."Venta" ( "Cajero", "Maquina", "Producto") Values (73,20,86);
insert into public."Venta" ( "Cajero", "Maquina", "Producto") Values (72,22,71);
insert into public."Venta" ( "Cajero", "Maquina", "Producto") Values (80,54,66);
insert into public."Venta" ( "Cajero", "Maquina", "Producto") Values (17,26,29);
insert into public."Venta" ( "Cajero", "Maquina", "Producto") Values (25,9,70);
insert into public."Venta" ( "Cajero", "Maquina", "Producto") Values (4,62,51);
insert into public."Venta" ( "Cajero", "Maquina", "Producto") Values (62,31,33);
insert into public."Venta" ( "Cajero", "Maquina", "Producto") Values (79,87,96);
insert into public."Venta" ( "Cajero", "Maquina", "Producto") Values (94,46,59);
insert into public."Venta" ( "Cajero", "Maquina", "Producto") Values (33,24,68);
insert into public."Venta" ( "Cajero", "Maquina", "Producto") Values (43,91,59);
insert into public."Venta" ( "Cajero", "Maquina", "Producto") Values (30,10,64);
insert into public."Venta" ( "Cajero", "Maquina", "Producto") Values (82,48,31);
insert into public."Venta" ( "Cajero", "Maquina", "Producto") Values (92,46,47);
insert into public."Venta" ( "Cajero", "Maquina", "Producto") Values (79,3,100);
insert into public."Venta" ( "Cajero", "Maquina", "Producto") Values (33,23,75);
insert into public."Venta" ( "Cajero", "Maquina", "Producto") Values (91,87,51);
insert into public."Venta" ( "Cajero", "Maquina", "Producto") Values (73,89,54);
insert into public."Venta" ( "Cajero", "Maquina", "Producto") Values (18,72,1);
insert into public."Venta" ( "Cajero", "Maquina", "Producto") Values (18,84,91);
insert into public."Venta" ( "Cajero", "Maquina", "Producto") Values (66,27,39);
insert into public."Venta" ( "Cajero", "Maquina", "Producto") Values (58,71,63);
insert into public."Venta" ( "Cajero", "Maquina", "Producto") Values (8,99,44);
insert into public."Venta" ( "Cajero", "Maquina", "Producto") Values (56,88,29);
insert into public."Venta" ( "Cajero", "Maquina", "Producto") Values (82,3,78);
insert into public."Venta" ( "Cajero", "Maquina", "Producto") Values (50,88,10);
insert into public."Venta" ( "Cajero", "Maquina", "Producto") Values (24,59,24);
insert into public."Venta" ( "Cajero", "Maquina", "Producto") Values (97,50,22);
insert into public."Venta" ( "Cajero", "Maquina", "Producto") Values (7,66,5);
insert into public."Venta" ( "Cajero", "Maquina", "Producto") Values (14,42,88);
insert into public."Venta" ( "Cajero", "Maquina", "Producto") Values (18,10,1);
insert into public."Venta" ( "Cajero", "Maquina", "Producto") Values (20,26,47);
insert into public."Venta" ( "Cajero", "Maquina", "Producto") Values (36,95,47);
insert into public."Venta" ( "Cajero", "Maquina", "Producto") Values (43,29,32);
insert into public."Venta" ( "Cajero", "Maquina", "Producto") Values (52,81,62);
insert into public."Venta" ( "Cajero", "Maquina", "Producto") Values (59,99,13);
insert into public."Venta" ( "Cajero", "Maquina", "Producto") Values (33,54,23);
insert into public."Venta" ( "Cajero", "Maquina", "Producto") Values (57,51,76);
insert into public."Venta" ( "Cajero", "Maquina", "Producto") Values (23,36,99);
insert into public."Venta" ( "Cajero", "Maquina", "Producto") Values (49,44,31);
insert into public."Venta" ( "Cajero", "Maquina", "Producto") Values (95,46,11);
insert into public."Venta" ( "Cajero", "Maquina", "Producto") Values (68,97,53);
insert into public."Venta" ( "Cajero", "Maquina", "Producto") Values (71,52,69);
insert into public."Venta" ( "Cajero", "Maquina", "Producto") Values (52,34,5);
insert into public."Venta" ( "Cajero", "Maquina", "Producto") Values (42,5,39);
insert into public."Venta" ( "Cajero", "Maquina", "Producto") Values (20,22,9);
insert into public."Venta" ( "Cajero", "Maquina", "Producto") Values (7,51,52);
insert into public."Venta" ( "Cajero", "Maquina", "Producto") Values (82,55,56);
insert into public."Venta" ( "Cajero", "Maquina", "Producto") Values (19,5,38);
insert into public."Venta" ( "Cajero", "Maquina", "Producto") Values (37,67,48);
insert into public."Venta" ( "Cajero", "Maquina", "Producto") Values (93,61,56);
insert into public."Venta" ( "Cajero", "Maquina", "Producto") Values (95,100,53);
insert into public."Venta" ( "Cajero", "Maquina", "Producto") Values (98,93,3);
insert into public."Venta" ( "Cajero", "Maquina", "Producto") Values (28,89,72);
insert into public."Venta" ( "Cajero", "Maquina", "Producto") Values (61,52,28);
insert into public."Venta" ( "Cajero", "Maquina", "Producto") Values (39,83,97);
insert into public."Venta" ( "Cajero", "Maquina", "Producto") Values (80,32,97);
insert into public."Venta" ( "Cajero", "Maquina", "Producto") Values (47,80,12);
insert into public."Venta" ( "Cajero", "Maquina", "Producto") Values (18,51,89);
insert into public."Venta" ( "Cajero", "Maquina", "Producto") Values (33,15,15);
insert into public."Venta" ( "Cajero", "Maquina", "Producto") Values (85,83,94);
insert into public."Venta" ( "Cajero", "Maquina", "Producto") Values (88,81,1);
insert into public."Venta" ( "Cajero", "Maquina", "Producto") Values (87,82,1);
insert into public."Venta" ( "Cajero", "Maquina", "Producto") Values (14,38,31);
insert into public."Venta" ( "Cajero", "Maquina", "Producto") Values (7,49,10);
insert into public."Venta" ( "Cajero", "Maquina", "Producto") Values (92,18,23);
insert into public."Venta" ( "Cajero", "Maquina", "Producto") Values (63,36,50);
insert into public."Venta" ( "Cajero", "Maquina", "Producto") Values (84,30,2);
insert into public."Venta" ( "Cajero", "Maquina", "Producto") Values (89,80,26);
insert into public."Venta" ( "Cajero", "Maquina", "Producto") Values (35,19,29);
insert into public."Venta" ( "Cajero", "Maquina", "Producto") Values (82,91,16);
insert into public."Venta" ( "Cajero", "Maquina", "Producto") Values (14,68,83);
insert into public."Venta" ( "Cajero", "Maquina", "Producto") Values (25,38,17);
insert into public."Venta" ( "Cajero", "Maquina", "Producto") Values (95,55,29);

